name,description,url,category
Goboony,Mobilhome huren direct van de eigenaar,https://www.goboony.be/,reizen
Pantaclub,meegroeiabonnement voor veilige &premium kinderfietsen!,https://pantaclub.be/,fietsen
Batt Mobility,Betaalbare elektrische mobiliteit,https://www.battmobility.be/,autorijden
Dressr,Toegang tot exclusieve dameskleding,https://dressr.be/,kleden
Peerby,Leen en huur spullen van mensen in buurt.,https://www.peerby.com/nl-be,klussen
Babybarn,Huur je baby-uitzet,https://www.babybarn.be/,tutteren
Florami,Zijden bloemen huren,https://www.florami.be/,feesten
Dungi,Vind en verhuur alles wat je nodig hebt op één plek.,https://dungi.be/,klussen
Stapp in,Flexibele huur per uur van auto"s en fietsen, ideaal voor korte ritten,https://stappin.be,autorijden
Dégage,Particulier kostendelend auto- en fietsdelen in Vlaanderen en Brussel,https://www.degage.be,autorijden